Date/Time (ISO),Away Team,Away Score,Home Team,Home Score,Status
2026-09-11T00:00Z,Florida A&M Rattlers,0,Miami Hurricanes,0,"Thu, September 10th at 8:00 PM EDT"
2026-09-11T23:00Z,Villanova Wildcats,0,Louisville Cardinals,0,"Fri, September 11th at 7:00 PM EDT"
2026-09-11T23:00Z,Norfolk State Spartans,0,Virginia Cavaliers,0,"Fri, September 11th at 7:00 PM EDT"
2026-09-11T23:00Z,Richmond Spiders,0,NC State Wolfpack,0,"Fri, September 11th at 7:00 PM EDT"
2026-09-11T23:30Z,Rutgers Scarlet Knights,0,Boston College Eagles,0,"Fri, September 11th at 7:30 PM EDT"
2026-09-12T00:00Z,Missouri Tigers,0,Kansas Jayhawks,0,"Fri, September 11th at 8:00 PM EDT"
2026-09-12T16:00Z,Howard Bison,0,Indiana Hoosiers,0,"Sat, September 12th at 12:00 PM EDT"
2026-09-12T16:00Z,Oregon Ducks,0,Oklahoma State Cowboys,0,"Sat, September 12th at 12:00 PM EDT"
2026-09-12T16:00Z,Arizona State Sun Devils,0,Texas A&M Aggies,0,"Sat, September 12th at 12:00 PM EDT"
2026-09-12T16:00Z,Oklahoma Sooners,0,Michigan Wolverines,0,"Sat, September 12th at 12:00 PM EDT"
2026-09-12T16:00Z,Penn State Nittany Lions,0,Temple Owls,0,"Sat, September 12th at 12:00 PM EDT"
2026-09-12T16:00Z,Washington State Cougars,0,Kansas State Wildcats,0,"Sat, September 12th at 12:00 PM EDT"
2026-09-12T16:00Z,East Tennessee State Buccaneers,0,North Carolina Tar Heels,0,"Sat, September 12th at 12:00 PM EDT"
2026-09-12T16:00Z,Old Dominion Monarchs,0,Virginia Tech Hokies,0,"Sat, September 12th at 12:00 PM EDT"
2026-09-12T16:00Z,Wake Forest Demon Deacons,0,Purdue Boilermakers,0,"Sat, September 12th at 12:00 PM EDT"
2026-09-12T16:00Z,South Florida Bulls,0,Army Black Knights,0,"Sat, September 12th at 12:00 PM EDT"
2026-09-12T16:00Z,App State Mountaineers,0,East Carolina Pirates,0,"Sat, September 12th at 12:00 PM EDT"
2026-09-12T16:00Z,Wofford Terriers,0,Kent State Golden Flashes,0,"Sat, September 12th at 12:00 PM EDT"
2026-09-12T16:45Z,Western Kentucky Hilltoppers,0,Georgia Bulldogs,0,"Sat, September 12th at 12:45 PM EDT"
2026-09-12T17:00Z,UT Martin Skyhawks,0,West Virginia Mountaineers,0,"Sat, September 12th at 1:00 PM EDT"
2026-09-12T17:00Z,Colgate Raiders,0,Central Michigan Chippewas,0,"Sat, September 12th at 1:00 PM EDT"
2026-09-12T17:00Z,Holy Cross Crusaders,0,Miami (OH) RedHawks,0,"Sat, September 12th at 1:00 PM EDT"
2026-09-12T18:00Z,Stony Brook Seawolves,0,Ball State Cardinals,0,"Sat, September 12th at 2:00 PM EDT"
2026-09-12T19:30Z,Rice Owls,0,Notre Dame Fighting Irish,0,"Sat, September 12th at 3:30 PM EDT"
2026-09-12T19:30Z,Alabama Crimson Tide,0,Kentucky Wildcats,0,"Sat, September 12th at 3:30 PM EDT"
2026-09-12T19:30Z,Arizona Wildcats,0,BYU Cougars,0,"Sat, September 12th at 3:30 PM EDT"
2026-09-12T19:30Z,Utah State Aggies,0,Washington Huskies,0,"Sat, September 12th at 3:30 PM EDT"
2026-09-12T19:30Z,Mississippi State Bulldogs,0,Minnesota Golden Gophers,0,"Sat, September 12th at 3:30 PM EDT"
2026-09-12T19:30Z,Weber State Wildcats,0,Colorado Buffaloes,0,"Sat, September 12th at 3:30 PM EDT"
2026-09-12T19:30Z,UCF Knights,0,Pittsburgh Panthers,0,"Sat, September 12th at 3:30 PM EDT"
2026-09-12T19:30Z,California Golden Bears,0,Syracuse Orange,0,"Sat, September 12th at 3:30 PM EDT"
2026-09-12T19:30Z,Duke Blue Devils,0,Illinois Fighting Illini,0,"Sat, September 12th at 3:30 PM EDT"
2026-09-12T19:30Z,Eastern Michigan Eagles,0,Michigan State Spartans,0,"Sat, September 12th at 3:30 PM EDT"
2026-09-12T19:30Z,Maryland Terrapins,0,UConn Huskies,0,"Sat, September 12th at 3:30 PM EDT"
2026-09-12T19:30Z,UTSA Roadrunners,0,Texas State Bobcats,0,"Sat, September 12th at 3:30 PM EDT"
2026-09-12T19:30Z,UL Monroe Warhawks,0,UAB Blazers,0,"Sat, September 12th at 3:30 PM EDT"
2026-09-12T19:30Z,Robert Morris Colonials,0,Akron Zips,0,"Sat, September 12th at 3:30 PM EDT"
2026-09-12T19:30Z,Central Connecticut Blue Devils,0,Toledo Rockets,0,"Sat, September 12th at 3:30 PM EDT"
2026-09-12T19:30Z,Sacred Heart Pioneers,0,Massachusetts Minutemen,0,"Sat, September 12th at 3:30 PM EDT"
2026-09-12T19:30Z,Wagner Seahawks,0,James Madison Dukes,0,"Sat, September 12th at 3:30 PM EDT"
2026-09-12T19:45Z,UNLV Rebels,0,North Texas Mean Green,0,"Sat, September 12th at 3:45 PM EDT"
2026-09-12T20:00Z,UC Davis Aggies,0,SMU Mustangs,0,"Sat, September 12th at 4:00 PM EDT"
2026-09-12T20:00Z,Northern Colorado Bears,0,Wyoming Cowboys,0,"Sat, September 12th at 4:00 PM EDT"
2026-09-12T20:00Z,Mercyhurst Lakers,0,New Mexico Lobos,0,"Sat, September 12th at 4:00 PM EDT"
2026-09-12T20:00Z,Alabama State Hornets,0,Troy Trojans,0,"Sat, September 12th at 4:00 PM EDT"
2026-09-12T20:15Z,Delaware Blue Hens,0,Vanderbilt Commodores,0,"Sat, September 12th at 4:15 PM EDT"
2026-09-12T21:30Z,Campbell Fighting Camels,0,Florida Gators,0,"Sat, September 12th at 5:30 PM EDT"
2026-09-12T22:00Z,Memphis Tigers,0,Boise State Broncos,0,"Sat, September 12th at 6:00 PM EDT"
2026-09-12T22:00Z,Buffalo Bulls,0,Florida International Panthers,0,"Sat, September 12th at 6:00 PM EDT"
2026-09-12T22:00Z,Jacksonville State Gamecocks,0,Ohio Bobcats,0,"Sat, September 12th at 6:00 PM EDT"
2026-09-12T22:00Z,Gardner-Webb Runnin' Bulldogs,0,Liberty Flames,0,"Sat, September 12th at 6:00 PM EDT"
2026-09-12T22:30Z,Monmouth Hawks,0,Western Michigan Broncos,0,"Sat, September 12th at 6:30 PM EDT"
2026-09-12T23:00Z,Tennessee Volunteers,0,Georgia Tech Yellow Jackets,0,"Sat, September 12th at 7:00 PM EDT"
2026-09-12T23:00Z,Southern Jaguars,0,Houston Cougars,0,"Sat, September 12th at 7:00 PM EDT"
2026-09-12T23:00Z,Towson Tigers,0,South Carolina Gamecocks,0,"Sat, September 12th at 7:00 PM EDT"
2026-09-12T23:00Z,Western Carolina Catamounts,0,Cincinnati Bearcats,0,"Sat, September 12th at 7:00 PM EDT"
2026-09-12T23:00Z,Bowling Green Falcons,0,Nebraska Cornhuskers,0,"Sat, September 12th at 7:00 PM EDT"
2026-09-12T23:00Z,Southern Utah Thunderbirds,0,Colorado State Rams,0,"Sat, September 12th at 7:00 PM EDT"
2026-09-12T23:00Z,Tulsa Golden Hurricane,0,Sam Houston Bearkats,0,"Sat, September 12th at 7:00 PM EDT"
2026-09-12T23:00Z,Illinois State Redbirds,0,Northern Illinois Huskies,0,"Sat, September 12th at 7:00 PM EDT"
2026-09-12T23:00Z,South Alabama Jaguars,0,Tulane Green Wave,0,"Sat, September 12th at 7:00 PM EDT"
2026-09-12T23:00Z,West Georgia Wolves,0,Arkansas State Red Wolves,0,"Sat, September 12th at 7:00 PM EDT"
2026-09-12T23:00Z,Georgia State Panthers,0,Kennesaw State Owls,0,"Sat, September 12th at 7:00 PM EDT"
2026-09-12T23:00Z,Middle Tennessee Blue Raiders,0,Marshall Thundering Herd,0,"Sat, September 12th at 7:00 PM EDT"
2026-09-12T23:00Z,Lindenwood Lions,0,Missouri State Bears,0,"Sat, September 12th at 7:00 PM EDT"
2026-09-12T23:15Z,San Diego State Aztecs,0,UCLA Bruins,0,"Sat, September 12th at 7:15 PM EDT"
2026-09-12T23:15Z,Western Illinois Leathernecks,0,Wisconsin Badgers,0,"Sat, September 12th at 7:15 PM EDT"
2026-09-12T23:30Z,Ohio State Buckeyes,0,Texas Longhorns,0,"Sat, September 12th at 7:30 PM EDT"
2026-09-12T23:30Z,Louisiana Tech Bulldogs,0,LSU Tigers,0,"Sat, September 12th at 7:30 PM EDT"
2026-09-12T23:30Z,Texas Tech Red Raiders,0,Oregon State Beavers,0,"Sat, September 12th at 7:30 PM EDT"
2026-09-12T23:30Z,Iowa State Cyclones,0,Iowa Hawkeyes,0,"Sat, September 12th at 7:30 PM EDT"
2026-09-12T23:30Z,Georgia Southern Eagles,0,Clemson Tigers,0,"Sat, September 12th at 7:30 PM EDT"
2026-09-12T23:30Z,Navy Midshipmen,0,Florida Atlantic Owls,0,"Sat, September 12th at 7:30 PM EDT"
2026-09-12T23:30Z,Fordham Rams,0,Coastal Carolina Chanticleers,0,"Sat, September 12th at 7:30 PM EDT"
2026-09-12T23:45Z,Charlotte 49ers,0,Ole Miss Rebels,0,"Sat, September 12th at 7:45 PM EDT"
2026-09-12T23:45Z,Southern Miss Golden Eagles,0,Auburn Tigers,0,"Sat, September 12th at 7:45 PM EDT"
2026-09-13T00:00Z,Grambling Tigers,0,TCU Horned Frogs,0,"Sat, September 12th at 8:00 PM EDT"
2026-09-13T00:08Z,Prairie View A&M Panthers,0,Baylor Bears,0,"Sat, September 12th at 8:08 PM EDT"
2026-09-13T01:00Z,Cal Poly Mustangs,0,San José State Spartans,0,"Sat, September 12th at 9:00 PM EDT"
2026-09-13T01:00Z,Texas Southern Tigers,0,UTEP Miners,0,"Sat, September 12th at 9:00 PM EDT"
2026-09-13T02:00Z,North Dakota State Bison,0,Air Force Falcons,0,"Sat, September 12th at 10:00 PM EDT"
2026-09-13T02:15Z,Arkansas Razorbacks,0,Utah Utes,0,"Sat, September 12th at 10:15 PM EDT"
2026-09-13T02:30Z,Sacramento State Hornets,0,Fresno State Bulldogs,0,"Sat, September 12th at 10:30 PM EDT"
2026-09-13T02:30Z,Montana State Bobcats,0,Nevada Wolf Pack,0,"Sat, September 12th at 10:30 PM EDT"
2026-09-13T03:00Z,Louisiana Ragin' Cajuns,0,USC Trojans,0,"Sat, September 12th at 11:00 PM EDT"
2026-09-13T03:59Z,New Mexico State Aggies,0,Hawai'i Rainbow Warriors,0,"Sat, September 12th at 11:59 PM EDT"
2026-09-11T00:00Z,Florida A&M Rattlers,0,Miami Hurricanes,0,"Thu, September 10th at 8:00 PM EDT"
2026-09-11T23:00Z,Villanova Wildcats,0,Louisville Cardinals,0,"Fri, September 11th at 7:00 PM EDT"
2026-09-11T23:00Z,Norfolk State Spartans,0,Virginia Cavaliers,0,"Fri, September 11th at 7:00 PM EDT"
2026-09-11T23:00Z,Richmond Spiders,0,NC State Wolfpack,0,"Fri, September 11th at 7:00 PM EDT"
2026-09-12T16:00Z,Howard Bison,0,Indiana Hoosiers,0,"Sat, September 12th at 12:00 PM EDT"
2026-09-12T16:00Z,East Tennessee State Buccaneers,0,North Carolina Tar Heels,0,"Sat, September 12th at 12:00 PM EDT"
2026-09-12T16:00Z,Wofford Terriers,0,Kent State Golden Flashes,0,"Sat, September 12th at 12:00 PM EDT"
2026-09-12T16:00Z,Elon Phoenix,0,Rhode Island Rams,0,"Sat, September 12th at 12:00 PM EDT"
2026-09-12T16:00Z,UAlbany Great Danes,0,Long Island University Sharks,0,"Sat, September 12th at 12:00 PM EDT"
2026-09-12T16:00Z,Thomas More College Saints,0,Dayton Flyers,0,"Sat, September 12th at 12:00 PM EDT"
2026-09-12T16:00Z,Dickinson (PA) Red Devils,0,Davidson Wildcats,0,"Sat, September 12th at 12:00 PM EDT"
2026-09-12T16:30Z,Marist Red Foxes,0,Lafayette Leopards,0,"Sat, September 12th at 12:30 PM EDT"
2026-09-12T17:00Z,UT Martin Skyhawks,0,West Virginia Mountaineers,0,"Sat, September 12th at 1:00 PM EDT"
2026-09-12T17:00Z,Colgate Raiders,0,Central Michigan Chippewas,0,"Sat, September 12th at 1:00 PM EDT"
2026-09-12T17:00Z,Holy Cross Crusaders,0,Miami (OH) RedHawks,0,"Sat, September 12th at 1:00 PM EDT"
2026-09-12T17:00Z,Kentucky Christian Knights,0,Chicago State Cougars,0,"Sat, September 12th at 1:00 PM EDT"
2026-09-12T17:30Z,Bucknell Bison,0,VMI Keydets,0,"Sat, September 12th at 1:30 PM EDT"
2026-09-12T18:00Z,Stony Brook Seawolves,0,Ball State Cardinals,0,"Sat, September 12th at 2:00 PM EDT"
2026-09-12T18:00Z,Eastern Washington Eagles,0,South Dakota Coyotes,0,"Sat, September 12th at 2:00 PM EDT"
2026-09-12T18:00Z,Duquesne Dukes,0,Youngstown State Penguins,0,"Sat, September 12th at 2:00 PM EDT"
2026-09-12T18:00Z,William & Mary Tribe,0,Lehigh Mountain Hawks,0,"Sat, September 12th at 2:00 PM EDT"
2026-09-12T18:00Z,Drake Bulldogs,0,Northern Iowa Panthers,0,"Sat, September 12th at 2:00 PM EDT"
2026-09-12T18:00Z,Northern Michigan Wildcats,0,St. Thomas Tommies,0,"Sat, September 12th at 2:00 PM EDT"
2026-09-12T19:00Z,Bowie State Bulldogs,0,Delaware State Hornets,0,"Sat, September 12th at 3:00 PM EDT"
2026-09-12T19:00Z,Utah Tech Trailblazers,0,Montana Grizzlies,0,"Sat, September 12th at 3:00 PM EDT"
2026-09-12T19:30Z,Weber State Wildcats,0,Colorado Buffaloes,0,"Sat, September 12th at 3:30 PM EDT"
2026-09-12T19:30Z,Robert Morris Colonials,0,Akron Zips,0,"Sat, September 12th at 3:30 PM EDT"
2026-09-12T19:30Z,Central Connecticut Blue Devils,0,Toledo Rockets,0,"Sat, September 12th at 3:30 PM EDT"
2026-09-12T19:30Z,Sacred Heart Pioneers,0,Massachusetts Minutemen,0,"Sat, September 12th at 3:30 PM EDT"
2026-09-12T19:30Z,Wagner Seahawks,0,James Madison Dukes,0,"Sat, September 12th at 3:30 PM EDT"
2026-09-12T20:00Z,UC Davis Aggies,0,SMU Mustangs,0,"Sat, September 12th at 4:00 PM EDT"
2026-09-12T20:00Z,Northern Colorado Bears,0,Wyoming Cowboys,0,"Sat, September 12th at 4:00 PM EDT"
2026-09-12T20:00Z,Mercyhurst Lakers,0,New Mexico Lobos,0,"Sat, September 12th at 4:00 PM EDT"
2026-09-12T20:00Z,Lamar Cardinals,0,Idaho Vandals,0,"Sat, September 12th at 4:00 PM EDT"
2026-09-12T20:00Z,Stetson Hatters,0,Bethune-Cookman Wildcats,0,"Sat, September 12th at 4:00 PM EDT"
2026-09-12T20:00Z,Alabama State Hornets,0,Troy Trojans,0,"Sat, September 12th at 4:00 PM EDT"
2026-09-12T20:00Z,Lincoln (PA) Lions,0,Mississippi Valley State Delta Devils,0,"Sat, September 12th at 4:00 PM EDT"
2026-09-12T21:00Z,Merrimack Warriors,0,Maine Black Bears,0,"Sat, September 12th at 5:00 PM EDT"
2026-09-12T21:00Z,Morehead State Eagles,0,Austin Peay Governors,0,"Sat, September 12th at 5:00 PM EDT"
2026-09-12T21:00Z,Incarnate Word Cardinals,0,Northern Arizona Lumberjacks,0,"Sat, September 12th at 5:00 PM EDT"
2026-09-12T21:30Z,Campbell Fighting Camels,0,Florida Gators,0,"Sat, September 12th at 5:30 PM EDT"
2026-09-12T22:00Z,Bryant Bulldogs,0,Hampton Pirates,0,"Sat, September 12th at 6:00 PM EDT"
2026-09-12T22:00Z,Stonehill Skyhawks,0,New Hampshire Wildcats,0,"Sat, September 12th at 6:00 PM EDT"
2026-09-12T22:00Z,North Carolina A&T Aggies,0,North Carolina Central Eagles,0,"Sat, September 12th at 6:00 PM EDT"
2026-09-12T22:00Z,Virginia Lynchburg Dragons,0,Morgan State Bears,0,"Sat, September 12th at 6:00 PM EDT"
2026-09-12T22:00Z,Virginia State Trojans,0,South Carolina State Bulldogs,0,"Sat, September 12th at 6:00 PM EDT"
2026-09-12T22:00Z,San Diego Toreros,0,Idaho State Bengals,0,"Sat, September 12th at 6:00 PM EDT"
2026-09-12T22:00Z,Chattanooga Mocs,0,Eastern Kentucky Colonels,0,"Sat, September 12th at 6:00 PM EDT"
2026-09-12T22:00Z,Charleston Southern Buccaneers,0,The Citadel Bulldogs,0,"Sat, September 12th at 6:00 PM EDT"
2026-09-12T22:00Z,Gardner-Webb Runnin' Bulldogs,0,Liberty Flames,0,"Sat, September 12th at 6:00 PM EDT"
2026-09-12T22:00Z,Franklin Grizzlies,0,Butler Bulldogs,0,"Sat, September 12th at 6:00 PM EDT"
2026-09-12T22:00Z,Furman Paladins,0,Mercer Bears,0,"Sat, September 12th at 6:00 PM EDT"
2026-09-12T22:30Z,Monmouth Hawks,0,Western Michigan Broncos,0,"Sat, September 12th at 6:30 PM EDT"
2026-09-12T23:00Z,Southern Jaguars,0,Houston Cougars,0,"Sat, September 12th at 7:00 PM EDT"
2026-09-12T23:00Z,Towson Tigers,0,South Carolina Gamecocks,0,"Sat, September 12th at 7:00 PM EDT"
2026-09-12T23:00Z,Western Carolina Catamounts,0,Cincinnati Bearcats,0,"Sat, September 12th at 7:00 PM EDT"
2026-09-12T23:00Z,Southern Utah Thunderbirds,0,Colorado State Rams,0,"Sat, September 12th at 7:00 PM EDT"
2026-09-12T23:00Z,Illinois State Redbirds,0,Northern Illinois Huskies,0,"Sat, September 12th at 7:00 PM EDT"
2026-09-12T23:00Z,Indiana State Sycamores,0,Eastern Illinois Panthers,0,"Sat, September 12th at 7:00 PM EDT"
2026-09-12T23:00Z,Valparaiso Beacons,0,Murray State Racers,0,"Sat, September 12th at 7:00 PM EDT"
2026-09-12T23:00Z,Southeast Missouri State Redhawks,0,Southern Illinois Salukis,0,"Sat, September 12th at 7:00 PM EDT"
2026-09-12T23:00Z,Central Oklahoma Bronchos,0,Central Arkansas Bears,0,"Sat, September 12th at 7:00 PM EDT"
2026-09-12T23:00Z,North Alabama Lions,0,SE Louisiana Lions,0,"Sat, September 12th at 7:00 PM EDT"
2026-09-12T23:00Z,Tennessee State Tigers,0,Alabama A&M Bulldogs,0,"Sat, September 12th at 7:00 PM EDT"
2026-09-12T23:00Z,Tarleton State Texans,0,McNeese Cowboys,0,"Sat, September 12th at 7:00 PM EDT"
2026-09-12T23:00Z,West Georgia Wolves,0,Arkansas State Red Wolves,0,"Sat, September 12th at 7:00 PM EDT"
2026-09-12T23:00Z,UT Rio Grande Valley Vaqueros,0,Nicholls Colonels,0,"Sat, September 12th at 7:00 PM EDT"
2026-09-12T23:00Z,Arkansas-Pine Bluff Golden Lions,0,Alcorn State Braves,0,"Sat, September 12th at 7:00 PM EDT"
2026-09-12T23:00Z,Samford Bulldogs,0,Tennessee Tech Golden Eagles,0,"Sat, September 12th at 7:00 PM EDT"
2026-09-12T23:00Z,Northwestern State Demons,0,East Texas A&M Lions,0,"Sat, September 12th at 7:00 PM EDT"
2026-09-12T23:00Z,Arkansas Baptist Buffaloes,0,Houston Christian Huskies,0,"Sat, September 12th at 7:00 PM EDT"
2026-09-12T23:00Z,Lindenwood Lions,0,Missouri State Bears,0,"Sat, September 12th at 7:00 PM EDT"
2026-09-12T23:00Z,New Haven Chargers,0,South Dakota State Jackrabbits,0,"Sat, September 12th at 7:00 PM EDT"
2026-09-12T23:15Z,Western Illinois Leathernecks,0,Wisconsin Badgers,0,"Sat, September 12th at 7:15 PM EDT"
2026-09-12T23:30Z,Fordham Rams,0,Coastal Carolina Chanticleers,0,"Sat, September 12th at 7:30 PM EDT"
2026-09-13T00:00Z,Grambling Tigers,0,TCU Horned Frogs,0,"Sat, September 12th at 8:00 PM EDT"
2026-09-13T00:00Z,Stephen F. Austin Lumberjacks,0,Abilene Christian Wildcats,0,"Sat, September 12th at 8:00 PM EDT"
2026-09-13T00:08Z,Prairie View A&M Panthers,0,Baylor Bears,0,"Sat, September 12th at 8:08 PM EDT"
2026-09-13T01:00Z,Cal Poly Mustangs,0,San José State Spartans,0,"Sat, September 12th at 9:00 PM EDT"
2026-09-13T01:00Z,Texas Southern Tigers,0,UTEP Miners,0,"Sat, September 12th at 9:00 PM EDT"
2026-09-13T02:00Z,North Dakota Fighting Hawks,0,Portland State Vikings,0,"Sat, September 12th at 10:00 PM EDT"
2026-09-13T02:30Z,Montana State Bobcats,0,Nevada Wolf Pack,0,"Sat, September 12th at 10:30 PM EDT"
