Team,Conference,FPI,SOS_Rank,Off_Efficiency,Def_Efficiency
Texas Longhorns,SEC,30.251,2.0,96.631,88.543
Ohio State Buckeyes,Big Ten,30.042,12.0,89.184,87.366
Notre Dame Fighting Irish,FBS Indep.,27.005,51.0,93.335,81.96
Miami Hurricanes,ACC,25.854,39.0,95.121,93.553
Georgia Bulldogs,SEC,24.906,21.0,92.127,93.299
LSU Tigers,SEC,24.555,15.0,96.459,87.127
Indiana Hoosiers,Big Ten,24.288,37.0,92.614,96.239
Oregon Ducks,Big Ten,22.687,30.0,74.603,76.761
Alabama Crimson Tide,SEC,22.474,14.0,91.522,76.708
Texas A&M Aggies,SEC,21.306,6.0,84.585,50.682
Oklahoma Sooners,SEC,19.252,4.0,96.339,66.271
Texas Tech Red Raiders,Big 12,18.362,69.0,59.166,44.95
USC Trojans,Big Ten,17.545,16.0,85.096,83.242
Penn State Nittany Lions,Big Ten,17.166,64.0,92.63,75.136
South Carolina Gamecocks,SEC,16.157,11.0,92.605,90.163
Florida Gators,SEC,15.816,9.0,87.595,96.499
Ole Miss Rebels,SEC,15.759,10.0,72.287,76.656
Tennessee Volunteers,SEC,15.314,8.0,78.018,60.751
BYU Cougars,Big 12,14.122,43.0,91.522,83.031
SMU Mustangs,ACC,12.094,57.0,78.161,81.836
Louisville Cardinals,ACC,12.016,61.0,80.298,87.085
Virginia Cavaliers,ACC,11.908,62.0,86.009,63.349
Pittsburgh Panthers,ACC,11.858,46.0,87.752,89.444
Michigan Wolverines,Big Ten,11.802,17.0,45.326,22.336
Missouri Tigers,SEC,11.776,7.0,70.65,55.416
Nebraska Cornhuskers,Big Ten,11.321,25.0,70.412,77.957
Utah Utes,Big 12,11.148,65.0,86.326,82.472
Iowa Hawkeyes,Big Ten,11.083,38.0,83.24,39.162
Auburn Tigers,SEC,10.826,13.0,71.319,46.785
Washington Huskies,Big Ten,9.512,24.0,68.835,35.194
Virginia Tech Hokies,ACC,9.357,40.0,89.02,67.976
Mississippi State Bulldogs,SEC,8.964,5.0,83.121,87.907
Kansas State Wildcats,Big 12,8.777,68.0,96.031,85.609
Boise State Broncos,Pac-12,7.779,109.0,82.558,85.474
Vanderbilt Commodores,SEC,7.751,18.0,57.169,40.211
Arizona State Sun Devils,Big 12,7.515,29.0,93.276,91.171
Florida State Seminoles,ACC,7.345,20.0,63.268,53.551
Baylor Bears,Big 12,7.139,55.0,69.771,50.572
Arizona Wildcats,Big 12,6.87,47.0,69.527,29.525
Kentucky Wildcats,SEC,6.518,3.0,82.245,79.637
Houston Cougars,Big 12,6.484,54.0,61.519,56.151
Clemson Tigers,ACC,6.478,45.0,43.855,6.447
Cincinnati Bearcats,Big 12,6.346,52.0,78.685,62.426
North Carolina Tar Heels,ACC,6.259,27.0,71.61,48.397
Illinois Fighting Illini,Big Ten,5.695,34.0,66.131,87.738
UCLA Bruins,Big Ten,5.068,41.0,83.242,79.859
Colorado Buffaloes,Big 12,4.86,56.0,63.16,54.991
TCU Horned Frogs,Big 12,4.848,53.0,60.459,27.665
UCF Knights,Big 12,4.834,63.0,91.468,63.532
Duke Blue Devils,ACC,4.688,48.0,68.936,31.669
Wake Forest Demon Deacons,ACC,3.846,42.0,65.621,65.762
Wisconsin Badgers,Big Ten,3.77,60.0,52.904,58.602
Georgia Tech Yellow Jackets,ACC,3.561,35.0,64.291,37.608
Syracuse Orange,ACC,3.534,36.0,89.858,62.971
Maryland Terrapins,Big Ten,2.925,28.0,77.295,44.276
Northwestern Wildcats,Big Ten,2.557,19.0,64.6,71.276
UNLV Rebels,Mountain West,2.342,114.0,57.857,46.851
Minnesota Golden Gophers,Big Ten,2.33,32.0,86.733,64.752
NC State Wolfpack,ACC,2.311,67.0,82.105,69.941
Arkansas Razorbacks,SEC,2.256,1.0,33.27,13.142
Memphis Tigers,American,2.06,87.0,70.224,75.58
Michigan State Spartans,Big Ten,1.275,33.0,59.872,42.191
San Diego State Aztecs,Pac-12,1.185,83.0,59.058,38.851
Kansas Jayhawks,Big 12,0.935,59.0,59.223,45.14
New Mexico Lobos,Mountain West,0.852,80.0,75.343,57.135
North Dakota State Bison,Mountain West,0.183,106.0,71.261,37.114
Tulane Green Wave,American,-0.488,88.0,49.444,10.105
Navy Midshipmen,American,-0.61,74.0,52.377,66.336
Iowa State Cyclones,Big 12,-0.796,49.0,62.669,40.776
West Virginia Mountaineers,Big 12,-0.834,50.0,49.12,42.667
Western Michigan Broncos,MAC,-0.864,128.0,81.334,39.535
Oklahoma State Cowboys,Big 12,-1.592,44.0,34.036,20.623
Purdue Boilermakers,Big Ten,-1.611,23.0,47.466,44.873
Army Black Knights,American,-1.709,102.0,90.485,90.75
South Florida Bulls,American,-2.307,118.0,53.416,14.459
James Madison Dukes,Sun Belt - East,-2.543,115.0,54.711,34.701
Southern Miss Golden Eagles,Sun Belt - West,-2.981,94.0,59.641,51.515
California Golden Bears,ACC,-3.038,58.0,29.339,38.706
Nevada Wolf Pack,Mountain West,-3.067,95.0,84.373,87.644
East Carolina Pirates,American,-3.182,120.0,39.019,21.378
Tulsa Golden Hurricane,American,-3.401,110.0,71.212,56.023
UTSA Roadrunners,American,-3.76,73.0,69.811,64.783
Toledo Rockets,MAC,-4.042,135.0,48.238,59.531
Boston College Eagles,ACC,-4.337,22.0,41.381,34.712
Washington State Cougars,Pac-12,-4.351,76.0,53.305,33.9
Delaware Blue Hens,CUSA,-4.594,84.0,56.132,60.165
Stanford Cardinal,ACC,-4.614,31.0,42.186,48.899
App State Mountaineers,Sun Belt - East,-5.247,122.0,84.03,81.468
Kennesaw State Owls,CUSA,-5.459,100.0,80.728,35.818
Air Force Falcons,Mountain West,-5.831,107.0,57.781,32.411
Louisiana Tech Bulldogs,Sun Belt - West,-5.967,72.0,92.163,88.077
Old Dominion Monarchs,Sun Belt - East,-6.098,98.0,32.803,9.115
North Texas Mean Green,American,-6.663,113.0,34.361,75.017
Louisiana Ragin' Cajuns,Sun Belt - West,-6.676,85.0,70.839,46.194
Hawai'i Rainbow Warriors,Mountain West,-6.903,99.0,37.537,26.398
Fresno State Bulldogs,Pac-12,-6.997,105.0,22.898,5.612
Oregon State Beavers,Pac-12,-7.212,78.0,53.698,61.221
Temple Owls,American,-7.255,79.0,57.674,41.648
Rutgers Scarlet Knights,Big Ten,-7.373,26.0,24.837,19.766
UConn Huskies,FBS Indep.,-7.488,97.0,79.02,64.237
Liberty Flames,CUSA,-7.622,136.0,44.604,39.854
Colorado State Rams,Pac-12,-7.873,81.0,60.605,58.724
Texas State Bobcats,Pac-12,-7.932,93.0,30.729,44.708
Georgia Southern Eagles,Sun Belt - East,-7.96,101.0,51.421,39.919
Troy Trojans,Sun Belt - West,-9.053,96.0,32.831,20.347
South Alabama Jaguars,Sun Belt - West,-9.557,103.0,51.079,21.362
Ohio Bobcats,MAC,-9.949,138.0,44.017,52.93
Jacksonville State Gamecocks,CUSA,-10.019,132.0,49.066,48.487
San José State Spartans,Mountain West,-10.146,121.0,52.507,37.092
Utah State Aggies,Pac-12,-10.455,70.0,10.53,8.8
Arkansas State Red Wolves,Sun Belt - West,-10.746,116.0,33.768,49.549
Coastal Carolina Chanticleers,Sun Belt - East,-11.058,126.0,47.14,31.366
Massachusetts Minutemen,MAC,-11.091,137.0,80.853,66.661
Western Kentucky Hilltoppers,CUSA,-11.638,66.0,9.848,23.59
Florida International Panthers,CUSA,-12.118,134.0,35.011,20.33
Rice Owls,American,-12.15,71.0,39.187,29.007
Miami (OH) RedHawks,MAC,-12.157,123.0,19.201,49.061
Buffalo Bulls,MAC,-12.572,92.0,17.776,9.037
Georgia State Panthers,Sun Belt - East,-12.609,111.0,66.891,60.477
New Mexico State Aggies,CUSA,-13.018,129.0,44.628,45.603
Marshall Thundering Herd,Sun Belt - East,-13.485,133.0,16.472,17.499
UAB Blazers,American,-14.486,112.0,33.68,51.384
Bowling Green Falcons,MAC,-14.561,90.0,20.385,9.733
Florida Atlantic Owls,American,-15.238,117.0,22.038,60.545
Middle Tennessee Blue Raiders,CUSA,-15.364,124.0,45.463,43.629
Eastern Michigan Eagles,MAC,-15.602,108.0,32.819,15.072
Missouri State Bears,CUSA,-15.885,104.0,36.835,1.39
Sam Houston Bearkats,CUSA,-16.562,89.0,40.128,30.923
Akron Zips,MAC,-16.842,125.0,28.507,45.062
Central Michigan Chippewas,MAC,-17.09,82.0,16.296,7.525
Charlotte 49ers,American,-17.167,77.0,9.271,28.848
Wyoming Cowboys,Mountain West,-17.554,119.0,17.014,10.692
Northern Illinois Huskies,Mountain West,-17.708,91.0,17.236,1.043
Sacramento State Hornets,MAC,-18.688,131.0,38.357,6.747
Ball State Cardinals,MAC,-18.999,127.0,34.386,24.129
UTEP Miners,Mountain West,-19.06,86.0,7.975,11.604
Kent State Golden Flashes,MAC,-23.512,75.0,7.619,27.615
UL Monroe Warhawks,Sun Belt - West,-24.192,130.0,11.797,27.755
